"constituencyraw","nppraw","pncraw","ndcraw","dfp","dpp","cppraw","rpd","indraw","valid_votesraw","rejected_votes","total_votes_castraw","registered_voters_raw","turnoutraw","pct_rejectedraw","constituency_pre_recode.x","npptot","ndctot","valid_votes","registered_voters","total_votes_cast","two_party_vote_cons","ndc_prop_two_party_cons","ndc_cons","regionname","fid_c230","dist130","c230_id_g","const230_g","Group.1","constituency_pre_recode.y","district_pre_recode","district1","sumndc_dist170","sumtwoparty_dist170","ndc_share_2p_dist170","valid_votes_dist170","rejected_votes_dist170","total_votes_cast_dist170","registered_voters_dist170","turnout_reg_voters","ndc_pct_tot_dist170","remove","district_170"
"ABETIFI"," 16,485 "," 106 "," 6,851 ",53,22," 208 ",10," 45 "," 23,780 ",552," 24,332 ",37835,"64.31%","2.27%","abetifi",16485,6851,23780,37835,24332,23336,0.293580733630442,0.288099243061396,"EASTERN",89,"KWAHU SOUTH",417,"ABETIFI","kwahu east","abetifi","kwahu east","kwahu east",6851,23336,0.293580733630442,23780,552,24332,37835,0.643108233117484,0.288099243061396,0,"kwahu east"
"ABIREM"," 13,857 "," 78 "," 7,635 ",50,10," 175 ",4," 30 "," 21,839 ",487," 22,326 ",30405,"73.43%","2.18%","abirem",13857,7635,21839,30405,22326,21492,0.355248464544947,0.349603919593388,"EASTERN",79,"BIRIM NORTH",408,"ABIREM","birim north","abirem","birim north","birim north",7635,21492,0.355248464544947,21839,487,22326,30405,0.734287123828318,0.349603919593388,0,"birim north"
"ABLEKUMA CENTRAL"," 40,555 "," 276 "," 43,392 ",87,44," 805 ",9," 22 "," 85,190 ",898," 86,088 ",127678,"67.43%","1.04%","ablekuma central",40555,43392,85190,127678,86088,83947,0.516897566321608,0.509355558164104,NA,NA,NA,NA,NA,NA,NA,"accra","accra",406073,799291,0.508041501780953,814706,7006,821712,1223858,0.671411225812145,0.498428881093302,0,"accra"
"ABOKOBI-MADINA"," 27,708 "," 205 "," 34,571 ",112,57," 589 ",8," 8 "," 63,258 ",610," 63,868 ",92014,"69.41%","0.96%","abokobi madina",27708,34571,63258,92014,63868,62279,0.555098829460974,0.546507951563439,"GREATER ACCRA",106,"GA",512,"ABOKOBI/ MADINA","ga east","abokobi  madina","ga east","ga east",57508,121588,0.472974306675001,123564,1252,124816,186509,0.669222396774418,0.46541063740248,0,"ga east"
"ABURA/A/KWAMANKESE"," 13,088 "," 169 "," 20,885 ",188,60," 787 ",23," 58 "," 35,258 ",1330," 36,588 ",52654,"69.49%","3.64%","abura a kwamankese",13088,20885,35258,52654,36588,33973,0.614752892002473,0.592347835952124,"CENTRAL",54,"ABURA/ASEBU/KWAMANKESE",301,"ABURA/ASEBU/KWAMANKESE","abura asebu kwamankese","abura asebu kwamankese","abura asebu kwamankese","abura asebu kwamankese",20885,33973,0.614752892002473,35258,1330,36588,52654,0.694875982831314,0.592347835952124,0,"abura asebu kwamankese"
"ABURI/NSAWAM"," 30,912 "," 145 "," 23,504 ",94,29," 483 ",26," 54 "," 55,247 ",1208," 56,455 ",78836,"71.61%","2.14%","aburi nsawam",30912,23504,55247,78836,56455,54416,0.431931784769186,0.425434865241552,"EASTERN",77,"AKWAPIM SOUTH",405,"ABURI-NSAWAM","akwapem south","aburi nsawam","akwapem south","akwapem south",23504,54416,0.431931784769186,55247,1208,56455,78836,0.716106854736415,0.425434865241552,0,"akwapem south"
"ADA"," 3,357 "," 79 "," 16,431 ",88,21," 252 ",4," 23 "," 20,255 ",450," 20,705 ",30526,"67.83%","2.17%","ada",3357,16431,20255,30526,20705,19788,0.830351728320194,0.811207109355715,"GREATER ACCRA",102,"DANGBE EAST",508,"ADA","dangbe east","ada","dangbe east","dangbe east",31383,38257,0.820320464228769,39172,1145,40317,57342,0.703097206236267,0.801158991116103,0,"dangbe east"
"ADANSI ASOKWA"," 13,930 "," 113 "," 9,609 ",104,25," 458 ",10," 36 "," 24,285 ",677," 24,962 ",34100,"73.20%","2.71%","adansi asokwa",13930,9609,24285,34100,24962,23539,0.408216151918093,0.395676343421865,"ASHANTI",0,"ADANSI EAST",101,"ADANSI ASOKWA","adansi north","adansi asokwa","adansi north","adansi north",13221,39657,0.333383765791664,40719,997,41716,56669,0.73613439446611,0.324688720253444,0,"adansi north"
"ADENTA"," 17,143 "," 89 "," 20,354 ",27,22," 519 ",3," 9 "," 38,166 ",326," 38,492 ",60859,"63.25%","0.85%","adenta",17143,20354,38166,60859,38492,37497,0.542816758674027,0.5333018917361,"GREATER ACCRA",111,"TEMA",523,"ADENTA","tema","adenta","tema","adenta",20354,37497,0.542816758674027,38166,326,38492,60859,0.632478351599599,0.5333018917361,0,"adenta"
"AFIGYA-SEKYERE EAST"," 33,855 "," 121 "," 9,240 ",76,13," 268 ",11," 39 "," 43,623 ",464," 44,087 ",57040,"77.29%","1.05%","afigya sekyere east",33855,9240,43623,57040,44087,43095,0.214410024364775,0.211814868303418,"ASHANTI",5,"AFIGYA SEKYERE",105,"AFIGYA SEKYERE EAST","afigya sekyere","afigya sekyere east","afigya sekyere","afigya sekyere",9240,43095,0.214410024364775,43623,464,44087,57040,0.772913744740533,0.211814868303418,0,"afigya sekyere"
"AFIGYA-SEKYERE WEST"," 13,861 "," 84 "," 4,541 ",22,4," 167 ",3," 12 "," 18,694 ",398," 19,092 ",24371,"78.34%","2.08%","afigya sekyere west",13861,4541,18694,24371,19092,18402,0.246766655798283,0.242912164330801,"ASHANTI",6,"AFIGYA SEKYERE",106,"AFIGYA SEKYERE WEST","afigya kwabre","afigya sekyere west","afigya kwabre","afigya kwabre",9920,51507,0.192595181237502,52130,888,53018,70624,0.750707974626189,0.190293497026664,0,"afigya kwabre"
"AFRAM PLAINS NORTH"," 3,068 "," 75 "," 16,008 ",94,27," 129 ",11," 13 "," 19,425 ",468," 19,893 ",32893,"60.48%","2.35%","afram plains north",3068,16008,19425,32893,19893,19076,0.839169637240512,0.824092664092664,"EASTERN",73,"AFRAM PLAINS",401,"AFRAM PLAINS NORTH","kwahu north","afram plains north","kwahu north","kwahu north",28703,37296,0.769599957099957,38108,1077,39185,63139,0.62061483393782,0.75320142752178,0,"kwahu north"
"AGONA EAST"," 14,002 "," 122 "," 15,369 ",127,28," 298 ",21," 58 "," 30,025 ",1111," 31,136 ",43365,"71.80%","3.57%","agona east",14002,15369,30025,43365,31136,29371,0.523271253957986,0.511873438800999,"CENTRAL",55,"AGONA",302,"AGONA EAST","agona east","agona east","agona east","agona east",15369,29371,0.523271253957986,30025,1111,31136,43365,0.717998385794996,0.511873438800999,0,"agona east"
"AGONA WEST"," 23,147 "," 147 "," 19,735 ",253,117," 849 ",36," 162 "," 44,446 ",1587," 46,033 ",65408,"70.38%","3.45%","agona west",23147,19735,44446,65408,46033,42882,0.4602164078168,0.444021959231427,"CENTRAL",56,"AGONA",303,"AGONA WEST","agona west","agona west","agona west","agona west",19735,42882,0.4602164078168,44446,1587,46033,65408,0.703782411937378,0.444021959231427,0,"agona west"
"AHAFO ANO NORTH"," 16,679 "," 133 "," 14,028 ",114,15," 69 ",20," 45 "," 31,103 ",527," 31,630 ",40949,"77.24%","1.67%","ahafo ano north",16679,14028,31103,40949,31630,30707,0.456833946657114,0.451017586727968,"ASHANTI",7,"AHAFO ANO NORTH",107,"AHAFO ANO NORTH","ahafo ano north","ahafo ano north","ahafo ano north","ahafo ano north",14028,30707,0.456833946657114,31103,527,31630,40949,0.772424235024054,0.451017586727968,0,"ahafo ano north"
"AHAFO ANO SOUTH"," 22,782 "," 219 "," 13,954 ",148,29," 131 ",18," 55 "," 37,336 ",946," 38,282 ",50840,"75.30%","2.47%","ahafo ano south",22782,13954,37336,50840,38282,36736,0.379845383275261,0.373741161345618,"ASHANTI",8,"AHAFO ANO SOUTH",108,"AHAFO ANO SOUTH","ahafo ano south","ahafo ano south","ahafo ano south","ahafo ano south",13954,36736,0.379845383275261,37336,946,38282,50840,0.752989771833202,0.373741161345618,0,"ahafo ano south"
"AHANTA WEST"," 20,871 "," 134 "," 10,940 ",161,59," 2,223 ",47," 21 "," 34,456 ",1527," 35,983 ",55903,"64.37%","4.24%","ahanta west",20871,10940,34456,55903,35983,31811,0.343906195969947,0.317506384954725,"WESTERN",187,"AHANTA WEST",1001,"AHANTA WEST","ahanta west","ahanta west","ahanta west","ahanta west",10940,31811,0.343906195969947,34456,1527,35983,55903,0.643668497218396,0.317506384954725,0,"ahanta west"
"AJUMAKO/ENYAN/ESIAM"," 16,797 "," 164 "," 18,267 ",192,52," 430 ",28," 80 "," 36,010 ",1371," 37,381 ",51759,"72.22%","3.67%","ajumako enyan esiam",16797,18267,36010,51759,37381,35064,0.52096167008898,0.507275756734241,"CENTRAL",57,"AJUMAKO ESIAM",304,"AJUMAKO ENYAN ESIAM","ajumako enyan esiam","ajumako enyan esiam","ajumako enyan esiam","ajumako enyan esiam",18267,35064,0.52096167008898,36010,1371,37381,51759,0.722212562066501,0.507275756734241,0,"ajumako enyan esiam"
"AKAN"," 7,403 "," 179 "," 15,961 ",82,20," 91 ",22," 51 "," 23,809 ",682," 24,491 ",37240,"65.77%","2.78%","akan",7403,15961,23809,37240,24491,23364,0.683145009416196,0.670376748288462,"VOLTA",173,"KADJEBI",911,"AKAN","kadjebi","akan","kadjebi","kadjebi",15961,23364,0.683145009416196,23809,682,24491,37240,0.65765306122449,0.670376748288462,0,"kadjebi"
"AKIM ABUAKWA NORTH"," 15,377 "," 42 "," 9,341 ",34,14," 162 ",3," 14 "," 24,987 ",433," 25,420 ",36824,"69.03%","1.70%","akim abuakwa north",15377,9341,24987,36824,25420,24718,0.377902742940367,0.37383439388482,"EASTERN",83,"EAST AKIM",412,"AKIM ABUAKWA NORTH","east akim","akim abuakwa north","east akim","east akim",16336,54515,0.299660643859488,54995,834,55829,78973,0.70693781418966,0.297045185925993,0,"east akim"
"AKIM ODA"," 31,811 "," 127 "," 16,005 ",109,30," 357 ",21," 40 "," 48,500 ",1008," 49,508 ",69619,"71.11%","2.04%","akim oda",31811,16005,48500,69619,49508,47816,0.33472059561653,0.33,"EASTERN",81,"BIRIM SOUTH",410,"AKIM ODA","birim","akim oda","birim","birim",16005,47816,0.33472059561653,48500,1008,49508,69619,0.711127709389678,0.33,0,"birim"
"AKIM SWEDRU"," 20,012 "," 90 "," 9,399 ",72,21," 130 ",19," 40 "," 29,783 ",837," 30,620 ",41356,"74.04%","2.73%","akim swedru",20012,9399,29783,41356,30620,29411,0.319574308932032,0.315582714971628,"EASTERN",82,"BIRIM SOUTH",411,"AKIM SWEDRU","birim south","akim swedru","birim south","birim south",9399,29411,0.319574308932032,29783,837,30620,41356,0.740400425573073,0.315582714971628,0,"birim south"
"AKROFROM"," 9,143 "," 50 "," 4,917 ",32,7," 243 ",5," 22 "," 14,419 ",399," 14,818 ",20135,"73.59%","2.69%","akrofrom",9143,4917,14419,20135,14818,14060,0.349715504978663,0.341008391705389,"ASHANTI",2,"ADANSI WEST",103,"AKROFROM","adansi south","akrofrom","adansi south","adansi south",20226,40538,0.498939266860723,41340,1528,42868,57065,0.751213528432489,0.489259796806967,0,"adansi south"
"AKROPONG"," 22,472 "," 125 "," 11,331 ",51,16," 374 ",26," 49 "," 34,444 ",847," 35,291 ",49256,"71.65%","2.40%","akropong",22472,11331,34444,49256,35291,33803,0.335206934295773,0.328968760887237,"EASTERN",75,"AKWAPIM NORTH",403,"AKROPONG","akwapem north","akropong","akwapem north","akwapem north",18539,53030,0.349594569111824,54150,1285,55435,75993,0.72947508323135,0.342363804247461,0,"akwapem north"
"AKWATIA","","","",NA,NA,"",NA,""," -   ",NA," -   ",49203,"0.00%","#DIV/0!","akwatia",NA,NA,NA,49203,NA,NA,NA,NA,"EASTERN",87,"KWAEBIBIREM",415,"AKWATIA","kwaebibirem","akwatia","kwaebibirem","kwaebibirem",11709,37057,0.315972690719702,37637,920,38557,105734,0.364660374146443,0.311103435449159,0,"kwaebibirem"
"AMANSIE-WEST"," 40,433 "," 148 "," 6,994 ",108,36," 220 ",36," 138 "," 48,113 ",1232," 49,345 ",65173,"75.71%","2.50%","amansie west",40433,6994,48113,65173,49345,47427,0.147468741434204,0.145366117265604,"ASHANTI",12,"AMANSIE WEST",112,"AMANSIE WEST","amansie west","amansie west","amansie west","amansie west",6994,47427,0.147468741434204,48113,1232,49345,65173,0.757138692403296,0.145366117265604,0,"amansie west"
"AMENFI CENTRAL"," 11,403 "," 110 "," 14,962 ",145,44," 365 ",41," 237 "," 27,307 ",755," 28,062 ",41609,"67.44%","2.69%","amenfi central",11403,14962,27307,41609,28062,26365,0.567494784752513,0.547918116233933,"WESTERN",201,"WASSA AMENFI",1003,"AMENFI CENTRAL","wassa amenfi west","amenfi central","wassa amenfi west","wassa amenfi west",33285,57274,0.581153752138841,58880,1631,60511,87624,0.690575641376792,0.565302309782609,0,"wassa amenfi west"
"AMENFI EAST"," 18,806 "," 147 "," 15,408 ",159,37," 779 ",11," 58 "," 35,405 ",1006," 36,411 ",50915,"71.51%","2.76%","amenfi east",18806,15408,35405,50915,36411,34214,0.450341965277372,0.435192769382856,"WESTERN",202,"WASSA AMENFI",1002,"AMENFI EAST","wassa amenfi east","amenfi east","wassa amenfi east","wassa amenfi east",15408,34214,0.450341965277372,35405,1006,36411,50915,0.715133064912108,0.435192769382856,0,"wassa amenfi east"
"ANLO"," 863 "," 81 "," 31,153 ",126,20," 187 ",10," 22 "," 32,462 ",490," 32,952 ",46653,"70.63%","1.49%","anlo",863,31153,32462,46653,32952,32016,0.973044727636182,0.959675928778264,"VOLTA",174,"KETA",912,"ANLO","keta","anlo","keta","keta",59999,61862,0.969884581811128,62650,872,63522,88956,0.714083367057871,0.957685554668795,0,"keta"
"AOWIN"," 14,559 "," 151 "," 19,933 ",181,35," 318 ",10," 49 "," 35,236 ",1293," 36,529 ",57192,"63.87%","3.54%","aowin",14559,19933,35236,57192,36529,34492,0.577902122231242,0.565699852423658,"WESTERN",188,"AOWIN SUAMAN",1005,"AOWIN","aowin suaman","aowin","aowin suaman","aowin suaman",25664,44227,0.580279015081285,45231,1603,46834,74145,0.63165419111201,0.567398465654087,0,"aowin suaman"
"ASANTE AKIM NORTH"," 40,714 "," 167 "," 13,294 ",104,33," 169 ",57," 75 "," 54,613 ",1089," 55,702 ",74926,"74.34%","1.96%","asante akim north",40714,13294,54613,74926,55702,54008,0.24614871870834,0.243421895885595,"ASHANTI",13,"ASANTE-AKIM NORTH",113,"ASANTE AKIM NORTH","asante akim north","asante akim north","asante akim north","asante akim north",13294,54008,0.24614871870834,54613,1089,55702,74926,0.743426847823186,0.243421895885595,0,"asante akim north"
"ASANTE AKIM SOUTH"," 25,164 "," 142 "," 12,785 ",105,29," 194 ",27," 42 "," 38,488 ",767," 39,255 ",54041,"72.64%","1.95%","asante akim south",25164,12785,38488,54041,39255,37949,0.336899523044085,0.332181459156101,"ASHANTI",14,"ASANTE AKIM SOUTH",114,"ASANTE AKIM SOUTH","asante akim south","asante akim south","asante akim south","asante akim south",12785,37949,0.336899523044085,38488,767,39255,54041,0.72639292389112,0.332181459156101,0,"asante akim south"
"ASAWASE"," 27,102 "," 345 "," 36,092 ",64,12," 395 ",38," 13 "," 64,061 ",895," 64,956 ",94023,"69.09%","1.38%","asawase",27102,36092,64061,94023,64956,63194,0.571130170585815,0.563400508889964,NA,NA,NA,NA,NA,NA,NA,"kumasi","kumasi",154250,582072,0.265001580560481,590244,5736,595980,843937,0.706190154004387,0.261332601432628,0,"kumasi"
"ASHAIMAN"," 30,923 "," 265 "," 54,913 ",117,11," 641 ",10," 18 "," 86,898 ",1043," 87,941 ",133054,"66.09%","1.19%","ashaiman",30923,54913,86898,133054,87941,85836,0.639743231278252,0.631924785380561,"GREATER ACCRA",112,"TEMA",524,"ASHAIMAN","ashaiman","ashaiman","ashaiman","ashaiman",54913,85836,0.639743231278252,86898,1043,87941,133054,0.660942173854225,0.631924785380561,0,"ashaiman"
"ASIKUMA/ODOBEN/BRAKWA"," 17,950 "," 168 "," 17,302 ",162,38," 514 ",32," 77 "," 36,243 ",1698," 37,941 ",52915,"71.70%","4.48%","asikuma odoben brakwa",17950,17302,36243,52915,37941,35252,0.490809032111653,0.477388737135447,"CENTRAL",58,"ASIKUMA/ODOBEN/BRAKWA",305,"ASIKUMA/ODOBEN/BRAKWA","asikuma odoben brakwa","asikuma odoben brakwa","asikuma odoben brakwa","asikuma odoben brakwa",17302,35252,0.490809032111653,36243,1698,37941,52915,0.717017858830199,0.477388737135447,0,"asikuma odoben brakwa"
"ASSIN NORTH"," 21,735 "," 175 "," 20,213 ",197,48," 461 ",29," 70 "," 42,928 ",1830," 44,758 ",64868,"69.00%","4.09%","assin north",21735,20213,42928,64868,44758,41948,0.481858491465624,0.470858181140514,"CENTRAL",59,"ASSIN",306,"ASSIN NORTH","assin north","assin north","assin north","assin north",20213,41948,0.481858491465624,42928,1830,44758,64868,0.689985817352161,0.470858181140514,0,"assin north"
"ASSIN SOUTH"," 17,741 "," 100 "," 13,392 ",110,38," 308 ",20," 37 "," 31,746 ",1003," 32,749 ",44717,"73.24%","3.06%","assin south",17741,13392,31746,44717,32749,31133,0.430154498442167,0.421848421848422,"CENTRAL",60,"ASSIN",307,"ASSIN SOUTH","assin south","assin south","assin south","assin south",13392,31133,0.430154498442167,31746,1003,32749,44717,0.732361294362323,0.421848421848422,0,"assin south"
"ASUNAFO NORTH"," 24,757 "," 186 "," 19,857 ",114,32," 167 ",15," 30 "," 45,158 ",1176," 46,334 ",63675,"72.77%","2.54%","asunafo north",24757,19857,45158,63675,46334,44614,0.445084502622495,0.439722751229018,"BRONG AHAFO",30,"ASUNAFO",201,"ASUNAFO NORTH","asunafo north","asunafo north","asunafo north","asunafo north",19857,44614,0.445084502622495,45158,1176,46334,63675,0.727663918335296,0.439722751229018,0,"asunafo north"
"ASUNAFO SOUTH"," 16,208 "," 130 "," 15,803 ",109,16," 54 ",13," 25 "," 32,358 ",799," 33,157 ",44162,"75.08%","2.41%","asunafo south",16208,15803,32358,44162,33157,32011,0.493674049545469,0.48837999876383,"BRONG AHAFO",31,"ASUNAFO",202,"ASUNAFO SOUTH","asunafo south","asunafo south","asunafo south","asunafo south",15803,32011,0.493674049545469,32358,799,33157,44162,0.7508038585209,0.48837999876383,0,"asunafo south"
"ASUOGYAMAN"," 15,017 "," 74 "," 17,363 ",50,26," 305 ",13," 29 "," 32,877 ",581," 33,458 ",48662,"68.76%","1.74%","asuogyaman",15017,17363,32877,48662,33458,32380,0.536226065472514,0.528119962283663,"EASTERN",78,"ASUOGYAMAN",406,"ASUOGYAMAN","asuogyaman","asuogyaman","asuogyaman","asuogyaman",17363,32380,0.536226065472514,32877,581,33458,48662,0.687559081007768,0.528119962283663,0,"asuogyaman"
"ASUTIFI NORTH"," 11,875 "," 73 "," 8,440 ",69,15," 105 ",7," 41 "," 20,625 ",513," 21,138 ",26766,"78.97%","2.43%","asutifi north",11875,8440,20625,26766,21138,20315,0.415456559192715,0.409212121212121,"BRONG AHAFO",32,"ASUTIFI",203,"ASUTIFI NORTH","asutifi","asutifi north","asutifi","asutifi",19186,41819,0.458786675912863,42452,980,43432,54736,0.793481438175972,0.45194572693866,0,"asutifi"
"ATEBUBU/AMANTING"," 10,948 "," 235 "," 15,664 ",125,30," 103 ",22," 112 "," 27,239 ",1192," 28,431 ",42958,"66.18%","4.19%","atebubu amanting",10948,15664,27239,42958,28431,26612,0.58860664361942,0.575057821505929,"BRONG AHAFO",34,"ATEBUBU",205,"ATEBUBU-AMANTING","atebubu amantin","atebubu amanting","atebubu amantin","atebubu amantin",15664,26612,0.58860664361942,27239,1192,28431,42958,0.661832487545975,0.575057821505929,0,"atebubu amantin"
"ATIWA"," 26,669 "," 80 "," 7,462 ",47,16," 118 ",10," 33 "," 34,435 ",652," 35,087 ",47107,"74.48%","1.86%","atiwa",26669,7462,34435,47107,35087,34131,0.218628226538924,0.216698126905764,"EASTERN",85,"EAST AKIM",407,"ATIWA","atiwa","atiwa","atiwa","atiwa",7462,34131,0.218628226538924,34435,652,35087,47107,0.744836223915766,0.216698126905764,0,"atiwa"
"ATWIMA-KWANWOMA"," 33,324 "," 89 "," 6,013 ",35,16," 233 ",28," 28 "," 39,766 ",630," 40,396 ",51995,"77.69%","1.56%","atwima kwanwoma",33324,6013,39766,51995,40396,39337,0.152858631822457,0.151209576019715,"ASHANTI",17,"BOSOMTWE-KWANWOMA",120,"ATWIMA-KWANWOMA","atwima kwanwoma","atwima kwanwoma","atwima kwanwoma","atwima kwanwoma",6013,39337,0.152858631822457,39766,630,40396,51995,0.776920857774786,0.151209576019715,0,"atwima kwanwoma"
"ATWIMA MPONUA"," 28,931 "," 211 "," 15,650 ",153,44," 172 ",24," 97 "," 45,282 ",1142," 46,424 ",59112,"78.54%","2.46%","atwima mponua",28931,15650,45282,59112,46424,44581,0.351046409905565,0.345611942935383,"ASHANTI",15,"ATWIMA",117,"ATWIMA MPONUA","atwima mponua","atwima mponua","atwima mponua","atwima mponua",15650,44581,0.351046409905565,45282,1142,46424,59112,0.785356611178779,0.345611942935383,0,"atwima mponua"
"ATWIMA NWABIAGYA"," 56,797 "," 165 "," 15,049 ",113,23," 412 ",21," 112 "," 72,692 ",1129," 73,821 ",99101,"74.49%","1.53%","atwima nwabiagya",56797,15049,72692,99101,73821,71846,0.209461904629346,0.207024156716007,"ASHANTI",16,"ATWIMA",118,"ATWIMA NWABIAGYA","atwima nwabiagya","atwima nwabiagya","atwima nwabiagya","atwima nwabiagya",15049,71846,0.209461904629346,72692,1129,73821,99101,0.744906711334901,0.207024156716007,0,"atwima nwabiagya"
"AVENOR-AVE"," 2,465 "," 194 "," 30,255 ",342,45," 296 ",22," 420 "," 34,039 ",1183," 35,222 ",54440,"64.70%","3.36%","avenor ave",2465,30255,34039,54440,35222,32720,0.924663814180929,0.88883339698581,"VOLTA",165,"AKATSI",904,"AVENOR-AVE","akatsi south","avenor ave","akatsi south","akatsi",30255,32720,0.924663814180929,34039,1183,35222,54440,0.646987509184423,0.88883339698581,0,"akatsi"
"AWUTU-SENYA"," 24,570 "," 168 "," 25,721 ",177,31," 717 ",23," 83 "," 51,490 ",1200," 52,690 ",97870,"53.84%","2.28%","awutu senya",24570,25721,51490,97870,52690,50291,0.511443399415402,0.499533890075743,"CENTRAL",61,"AWUTU/EFUTU/SENYA",308,"AWUTU-SENYA","awutu senya","awutu senya","awutu senya","awutu senya",25721,50291,0.511443399415402,51490,1200,52690,97870,0.53836722182487,0.499533890075743,0,"awutu senya"
"AYENSUONO"," 16,063 "," 102 "," 12,685 ",67,33," 193 ",10," 46 "," 29,199 ",819," 30,018 ",43483,"69.03%","2.73%","ayensuono",16063,12685,29199,43483,30018,28748,0.441248086823431,0.434432686050892,"EASTERN",97,"SUHUM/KRABOA/COALTAR",425,"AYENSUANO","suhum kraboa coaltar","ayensuano","suhum kraboa coaltar","suhum kraboa coaltar",29282,66593,0.43971588605409,67550,2049,69599,99930,0.696477534273992,0.433486306439674,0,"suhum kraboa coaltar"
"BAWKU CENTRAL"," 19,933 "," 227 "," 18,943 ",127,37," 120 ",20," 69 "," 39,476 ",65," 39,541 ",56996,"69.38%","0.16%","bawku central",19933,18943,39476,56996,39541,38876,0.487267208560552,0.479861181477353,"UPPER EAST",142,"BAWKU EAST",701,"BAWKU CENTRAL","bawku","bawku central","bawku","bawku",39687,70216,0.565213056853139,72631,1852,74483,112161,0.664072181952729,0.546419572909639,0,"bawku"
"BEKWAI"," 38,287 "," 79 "," 5,144 ",270,29," 247 ",24," 493 "," 44,573 ",1212," 45,785 ",57380,"79.79%","2.65%","bekwai",38287,5144,44573,57380,45785,43431,0.118440745089913,0.11540618760236,"ASHANTI",9,"AMANSIE EAST",110,"BEKWAI","bekwai","bekwai","bekwai","bekwai",5144,43431,0.118440745089913,44573,1212,45785,57380,0.797926106657372,0.11540618760236,0,"bekwai"
"BEREKUM"," 25,998 "," 272 "," 20,706 ",100,27," 260 ",10," 41 "," 47,414 ",697," 48,111 ",71957,"66.86%","1.45%","berekum",25998,20706,47414,71957,48111,46704,0.443345323741007,0.436706458008183,"BRONG AHAFO",36,"BEREKUM",206,"BEREKUM","berekum","berekum","berekum","berekum",20706,46704,0.443345323741007,47414,697,48111,71957,0.668607640674292,0.436706458008183,0,"berekum"
"BIA"," 13,893 "," 217 "," 31,788 ",269,60," 283 ",21," 82 "," 46,613 ",1955," 48,568 ",80432,"60.38%","4.03%","bia",13893,31788,46613,80432,48568,45681,0.695869179746503,0.681955677600669,"WESTERN",192,"JUABESO-BIA",1007,"BIA","bia","bia","bia","bia",31788,45681,0.695869179746503,46613,1955,48568,80432,0.603839267953054,0.681955677600669,0,"bia"
"BIAKOYE"," 6,195 "," 163 "," 17,583 ",104,17," 102 ",8," 20 "," 24,192 ",341," 24,533 ",35737,"68.65%","1.39%","biakoye",6195,17583,24192,35737,24533,23778,0.739465051728489,0.726810515873016,"VOLTA",171,"JASIKAN",909,"BIAKOYE","biakoye","biakoye","biakoye","biakoye",17583,23778,0.739465051728489,24192,341,24533,35737,0.686487394017405,0.726810515873016,0,"biakoye"
"BIBIANI-ANHWIASO-BEKWAI"," 24,079 "," 160 "," 23,199 ",183,38," 413 ",13," 48 "," 48,133 ",1145," 49,278 ",61244,"80.46%","2.32%","bibiani anhwiaso bekwai",24079,23199,48133,61244,49278,47278,0.490693345742206,0.481977022001537,"WESTERN",190,"BIBIANI ANHWIASO-BEKWAI",1008,"BIBIANI ANHWIASO-BEKWAI","sefwi bibiani anhwiaso bekwai","bibiani anhwiaso bekwai","sefwi bibiani anhwiaso bekwai","sefwi bibiani anhwiaso bekwai",23199,47278,0.490693345742206,48133,1145,49278,61244,0.804617595192998,0.481977022001537,0,"sefwi bibiani anhwiaso bekwai"
"BIMBILA"," 27,050 "," 326 "," 14,977 ",197,54," 172 ",85," 75 "," 42,936 ",1299," 44,235 ",56284,"78.59%","2.94%","bimbila",27050,14977,42936,56284,44235,42027,0.356366145573084,0.348821501770076,"NORTHERN",124,"NANUMBA",609,"BIMBILLA","nanumba north","bimbilla","nanumba north","nanumba north",14977,42027,0.356366145573084,42936,1299,44235,56284,0.785924952028996,0.348821501770076,0,"nanumba north"
"BOLE"," 5,109 "," 145 "," 11,739 ",117,45," 184 ",36," 62 "," 17,437 ",794," 18,231 ",27119,"67.23%","4.36%","bole",5109,11739,17437,27119,18231,16848,0.696759259259259,0.673223604977921,"NORTHERN",116,"BOLE",601,"BOLE","bole","bole","bole","bole",11739,16848,0.696759259259259,17437,794,18231,27119,0.672259301596667,0.673223604977921,0,"bole"
"BOLGATANGA"," 13,554 "," 4,383 "," 30,941 ",162,60," 472 ",52," 63 "," 49,687 ",1972," 51,659 ",73299,"70.48%","3.82%","bolgatanga",13554,30941,49687,73299,51659,44495,0.695381503539724,0.622718216032363,"UPPER EAST",147,"BOLGATANGA",705,"BOLGATANGA","bolgatanga","bolgatanga","bolgatanga","bolgatanga",30941,44495,0.695381503539724,49687,1972,51659,73299,0.704770869998226,0.622718216032363,0,"bolgatanga"
"BONGO"," 9,889 "," 1,311 "," 17,686 ",169,103," 173 ",52," 117 "," 29,500 ",1460," 30,960 ",43232,"71.61%","4.72%","bongo",9889,17686,29500,43232,30960,27575,0.641378059836809,0.599525423728814,"UPPER EAST",150,"BONGO",706,"BONGO","bongo","bongo","bongo","bongo",17686,27575,0.641378059836809,29500,1460,30960,43232,0.716136195410807,0.599525423728814,0,"bongo"
"BOSOME-FREHO"," 15,077 "," 54 "," 3,727 ",51,19," 116 ",59," 198 "," 19,301 ",652," 19,953 ",25026,"79.73%","3.27%","bosome freho",15077,3727,19301,25026,19953,18804,0.198202510104233,0.19309880317082,"ASHANTI",10,"AMANSIE EAST",111,"BOSOME-FREHO","bosome freho","bosome freho","bosome freho","bosome freho",3727,18804,0.198202510104233,19301,652,19953,25026,0.797290817549748,0.19309880317082,0,"bosome freho"
"BOSOMTWE"," 29,641 "," 64 "," 6,734 ",41,17," 183 ",12," 43 "," 36,735 ",741," 37,476 ",48222,"77.72%","1.98%","bosomtwe",29641,6734,36735,48222,37476,36375,0.185127147766323,0.183312916836804,"ASHANTI",18,"BOSOMTWE-KWANWOMA",121,"BOSOMTWE","bosomtwe atwima kwanwoma","bosomtwe","bosomtwe atwima kwanwoma","bosomtwe atwima kwanwoma",6734,36375,0.185127147766323,36735,741,37476,48222,0.777155655095185,0.183312916836804,0,"bosomtwe atwima kwanwoma"
"BUEM"," 4,380 "," 88 "," 14,493 ",93,13," 119 ",7," 31 "," 19,224 ",399," 19,623 ",30067,"65.26%","2.03%","buem",4380,14493,19224,30067,19623,18873,0.767922428866635,0.753901373283396,"VOLTA",172,"JASIKAN",910,"BUEM","jasikan","buem","jasikan","jasikan",14493,18873,0.767922428866635,19224,399,19623,30067,0.652642431902085,0.753901373283396,0,"jasikan"
"BUILSA NORTH"," 6,080 "," 1,130 "," 11,352 ",89,42," 417 ",30," 90 "," 19,230 ",927," 20,157 ",26249,"76.79%","4.60%","builsa north",6080,11352,19230,26249,20157,17432,0.651216154199174,0.590327613104524,"UPPER EAST",151,"BUILSA",707,"BUILSA NORTH","builsa","builsa north","builsa","builsa",15914,24953,0.637758986895363,30049,1667,31716,41913,0.756710328537685,0.529601650637292,0,"builsa"
"BUNKPURUGU"," 7,290 "," 2,326 "," 20,536 ",268,194," 271 ",313," 650 "," 31,848 ",1860," 33,708 ",43998,"76.61%","5.52%","bunkpurugu",7290,20536,31848,43998,33708,27826,0.73801480629627,0.644812861090178,"NORTHERN",120,"EAST MAMPRUSI",602,"BUNKPURUGU","bunkpurugu yonyo","bunkpurugu","bunkpurugu yonyo","bunkpurugu yonyo",20536,27826,0.73801480629627,31848,1860,33708,43998,0.766125732987863,0.644812861090178,0,"bunkpurugu yonyo"
"CAPE COAST"," 32,018 "," 144 "," 37,994 ",102,23," 1,265 ",33," 21 "," 71,600 ",1060," 72,660 ",103727,"70.05%","1.46%","cape coast",32018,37994,71600,103727,72660,70012,0.542678397988916,0.530642458100559,"CENTRAL",63,"CAPE COAST",310,"CAPE COAST","cape coast metro","cape coast","cape coast metro","cape coast metro",37994,70012,0.542678397988916,71600,1060,72660,103727,0.700492639332093,0.530642458100559,0,"cape coast metro"
"CENTRAL TONGU"," 2,895 "," 89 "," 19,028 ",184,29," 388 ",13," 28 "," 22,654 ",615," 23,269 ",32743,"71.07%","2.64%","central tongu",2895,19028,22654,32743,23269,21923,0.86794690507686,0.839939966451841,"VOLTA",184,"NORTH TONGU",902,"CENTRAL TONGU","north tongu","central tongu","north tongu","north tongu",45384,50335,0.901639018575544,51579,1180,52759,74095,0.712045347189419,0.879892979701041,0,"north tongu"
"CHEREPONI"," 8,688 "," 275 "," 7,582 ",117,51," 395 ",30," 113 "," 17,251 ",1056," 18,307 ",23270,"78.67%","5.77%","chereponi",8688,7582,17251,23270,18307,16270,0.466011063306699,0.439510752999826,"NORTHERN",126,"SABOBA/CHEREPONI",611,"CHEREPONI","chereponi","chereponi","chereponi","chereponi",7582,16270,0.466011063306699,17251,1056,18307,23270,0.786721100128921,0.439510752999826,0,"chereponi"
"CHIANA-PAGA"," 8,270 "," 2,539 "," 14,887 ",161,86," 111 ",119," 613 "," 26,786 ",1290," 28,076 ",37873,"74.13%","4.59%","chiana paga",8270,14887,26786,37873,28076,23157,0.642872565530941,0.555775405062346,"UPPER EAST",153,"KASENA/NANKANI",710,"CHIANA/PAGA","kasena nankana west","chiana paga","kasena nankana west","kasena nankana west",14887,23157,0.642872565530941,26786,1290,28076,37873,0.741319673646133,0.555775405062346,0,"kasena nankana west"
"DAMONGO/DABOYA"," 10,462 "," 322 "," 12,905 ",170,71," 1,184 ",37," 81 "," 25,232 ",1213," 26,445 ",37346,"70.81%","4.59%","damongo daboya",10462,12905,25232,37346,26445,23367,0.552274575255702,0.511453709575143,"NORTHERN",135,"WEST GONJA",621,"DAMONGO","west gonja","damongo","west gonja","west gonja",12905,23367,0.552274575255702,25232,1213,26445,37346,0.708107963369571,0.511453709575143,0,"west gonja"
"DOMEABRA-OBOM"," 2,017 "," 88 "," 13,501 ",201,34," 115 ",3," 26 "," 15,985 ",521," 16,506 ",23633,"69.84%","3.16%","domeabra obom",2017,13501,15985,23633,16506,15518,0.870021910039954,0.844604316546763,"GREATER ACCRA",108,"GA",514,"DOMEABRA-OBOM","ga south","domeabra obom","ga south","ga south",67805,132266,0.512641192747947,134742,1136,135878,209260,0.649326197075409,0.503220970447225,0,"ga south"
"DORMAA EAST"," 11,891 "," 67 "," 6,851 ",66,9," 130 ",11," 22 "," 19,047 ",521," 19,568 ",28846,"67.84%","2.66%","dormaa east",11891,6851,19047,28846,19568,18742,0.365542631522783,0.359689189898672,"BRONG AHAFO",37,"DORMAA",207,"DORMAA EAST","dormaa east","dormaa east","dormaa east","dormaa east",6851,18742,0.365542631522783,19047,521,19568,28846,0.678360951258407,0.359689189898672,0,"dormaa east"
"DORMAA WEST"," 24,216 "," 163 "," 22,223 ",160,39," 175 ",25," 75 "," 47,076 ",1089," 48,165 ",69416,"69.39%","2.26%","dormaa west",24216,22223,47076,69416,48165,46439,0.478541742931588,0.472066445747302,"BRONG AHAFO",38,"DORMAA",208,"DORMAA WEST","dormaa","dormaa west","dormaa","dormaa",22223,46439,0.478541742931588,47076,1089,48165,69416,0.693860205140025,0.472066445747302,0,"dormaa"
"EFFIA KWESIMINTIM"," 33,853 "," 215 "," 20,051 ",73,30," 2,175 ",10," 33 "," 56,440 ",1108," 57,548 ",89427,"64.35%","1.93%","effia kwesimintim",33853,20051,56440,89427,57548,53904,0.371976105669338,0.355262225372077,NA,NA,NA,NA,NA,NA,NA,"sekondi takoradi","sekondi takoradi",52721,143890,0.366397942873028,150602,2694,153296,234109,0.654806094596961,0.350068392186027,0,"sekondi takoradi"
"EFFIDUASI/ASOKORE"," 18,680 "," 60 "," 4,351 ",76,7," 101 ",8," 21 "," 23,304 ",507," 23,811 ",30862,"77.15%","2.13%","effiduasi asokore",18680,4351,23304,30862,23811,23031,0.188919282705918,0.186706144867834,"ASHANTI",26,"SEKYERE EAST",134,"EFFIDUASE-ASOKORE","sekyere east","effiduase asokore","sekyere east","sekyere east",4351,23031,0.188919282705918,23304,507,23811,30862,0.771531333030912,0.186706144867834,0,"sekyere east"
"EFFUTU"," 12,992 "," 264 "," 14,508 ",72,14," 460 ",12," -   "," 28,322 ",768," 29,090 ",38737,"75.10%","2.64%","effutu",12992,14508,28322,38737,29090,27500,0.527563636363636,0.512251959607372,"CENTRAL",62,"AWUTU/EFUTU/SENYA",309,"EFUTU","effutu","efutu","effutu","effutu",14508,27500,0.527563636363636,28322,768,29090,38737,0.750961612928208,0.512251959607372,0,"effutu"
"EJISU JUABEN"," 56,615 "," 130 "," 12,289 ",84,64," 464 ",23," 91 "," 69,760 ",917," 70,677 ",90796,"77.84%","1.30%","ejisu juaben",56615,12289,69760,90796,70677,68904,0.178349587832346,0.176161123853211,"ASHANTI",19,"EJISU-JUABEN",122,"EJISU-JUABEN","ejisu juaben","ejisu juaben","ejisu juaben","ejisu juaben",12289,68904,0.178349587832346,69760,917,70677,90796,0.778415348693775,0.176161123853211,0,"ejisu juaben"
"EJURA-SEKYEDUMASE"," 17,236 "," 230 "," 20,063 ",143,29," 124 ",63," 45 "," 37,933 ",1152," 39,085 ",54500,"71.72%","2.95%","ejura sekyedumase",17236,20063,37933,54500,39085,37299,0.53789645835009,0.528906229404476,"ASHANTI",20,"EJURA SEKYEDUMASE",123,"EJURA-SEKYEDUMASE","ejura sekye dumase","ejura sekyedumase","ejura sekye dumase","ejura sekye dumase",20063,37299,0.53789645835009,37933,1152,39085,54500,0.717155963302752,0.528906229404476,0,"ejura sekye dumase"
"ELLEMBELE"," 12,800 "," 300 "," 12,831 ",176,156," 2,425 ",33," 67 "," 28,788 ",1586," 30,374 ",48426,"62.72%","5.22%","ellembele",12800,12831,28788,48426,30374,25631,0.500604736451953,0.445706544393497,"WESTERN",195,"NZEMA EAST",1014,"ELLEMBELLE","ellembelle","ellembelle","ellembelle","ellembelle",12831,25631,0.500604736451953,28788,1586,30374,48426,0.627225044397638,0.445706544393497,0,"ellembelle"
"EVALUE GWIRA"," 10,318 "," 80 "," 7,605 ",87,38," 1,777 ",28," 52 "," 19,985 ",869," 20,854 ",32183,"64.80%","4.17%","evalue gwira",10318,7605,19985,32183,20854,17923,0.424315125815991,0.380535401551163,"WESTERN",196,"NZEMA EAST",1015,"EVALUE-GWIRA","nzema east","evalue gwira","nzema east","nzema east",7605,17923,0.424315125815991,19985,869,20854,32183,0.647981853773732,0.380535401551163,0,"nzema east"
"FANTEAKWA"," 20,223 "," 91 "," 14,406 ",70,17," 114 ",14," 49 "," 34,984 ",755," 35,739 ",50183,"71.22%","2.11%","fanteakwa",20223,14406,34984,50183,35739,34629,0.416009702850212,0.41178824605534,"EASTERN",86,"FANTEAKWA",414,"FANTEAKWA","fanteakwa","fanteakwa","fanteakwa","fanteakwa",14406,34629,0.416009702850212,34984,755,35739,50183,0.712173445190602,0.41178824605534,0,"fanteakwa"
"GARU/TEMPANE"," 12,564 "," 462 "," 19,477 ",408,88," 234 ",64," 178 "," 33,475 ",1752," 35,227 ",51624,"68.24%","4.97%","garu tempane",12564,19477,33475,51624,35227,32041,0.607877407072189,0.581837191934279,"UPPER EAST",144,"BAWKU EAST",709,"GARU/TEMPANE","garu tempane","garu tempane","garu tempane","garu tempane",19477,32041,0.607877407072189,33475,1752,35227,51624,0.682376414070975,0.581837191934279,0,"garu tempane"
"GOMOA EAST"," 13,920 "," 146 "," 19,877 ",146,50," 668 ",18," 59 "," 34,884 ",693," 35,577 ",55536,"64.06%","1.95%","gomoa east",13920,19877,34884,55536,35577,33797,0.588129123886736,0.569802774911134,"CENTRAL",64,"GOMOA",311,"GOMOA EAST","gomoa east","gomoa east","gomoa east","gomoa east",19877,33797,0.588129123886736,34884,693,35577,55536,0.640611495246327,0.569802774911134,0,"gomoa east"
"GOMOA WEST"," 13,117 "," 183 "," 18,487 ",172,213," 573 ",35," 127 "," 32,907 ",1725," 34,632 ",54146,"63.96%","4.98%","gomoa west",13117,18487,32907,54146,34632,31604,0.584957600303759,0.56179536268879,"CENTRAL",65,"GOMOA",312,"GOMOA WEST","gomoa west","gomoa west","gomoa west","gomoa west",18487,31604,0.584957600303759,32907,1725,34632,54146,0.63960403353895,0.56179536268879,0,"gomoa west"
"GUSHEIEGU"," 13,434 "," 195 "," 15,159 ",115,62," 167 ",38," 94 "," 29,264 ",1237," 30,501 ",37958,"80.35%","4.06%","gusheiegu",13434,15159,29264,37958,30501,28593,0.530164725632148,0.518008474576271,"NORTHERN",122,"GUSHIEGU/KARAGA",607,"GUSHIEGU","gushiegu","gushiegu","gushiegu","gushiegu",15159,28593,0.530164725632148,29264,1237,30501,37958,0.803546024553454,0.518008474576271,0,"gushiegu"
"HEMANG LOWER DENKYIRA"," 9,895 "," 66 "," 8,120 ",80,33," 506 ",24," 250 "," 18,974 ",750," 19,724 ",26799,"73.60%","3.80%","hemang lower denkyira",9895,8120,18974,26799,19724,18015,0.450735498195948,0.427954042373775,"CENTRAL",69,"TWIFU HEMAN/LOWER DENKYIRA",316,"HEMANG LOWER DENKIYRA","twifo heman lower denkyira","hemang lower denkiyra","twifo heman lower denkyira","twifo heman lower denkyira",23476,45327,0.517925298387275,47230,1775,49005,65861,0.744067050302911,0.497056955325005,0,"twifo heman lower denkyira"
"HO CENTRAL"," 3,968 "," 135 "," 49,826 ",71,20," 258 ",4," 36 "," 54,318 ",629," 54,947 ",82031,"66.98%","1.14%","ho central",3968,49826,54318,82031,54947,53794,0.926237126817117,0.917301815236202,"VOLTA",166,"HO",905,"HO CENTRAL","ho","ho central","ho","ho",75684,81912,0.923967184295341,82940,1074,84014,126186,0.66579493763175,0.912515071135761,0,"ho"
"HO EAST"," 1,373 "," 97 "," 21,168 ",155,35," 227 ",30," 150 "," 23,235 ",525," 23,760 ",35233,"67.44%","2.21%","ho east",1373,21168,23235,35233,23760,22541,0.939088771571802,0.91103938024532,"VOLTA",167,"HO",901,"HO EAST","adaklu anyigbe","ho east","adaklu anyigbe","adaklu anyigbe",21168,22541,0.939088771571802,23235,525,23760,35233,0.674367780206057,0.91103938024532,0,"adaklu anyigbe"
"HOHOE NORTH"," 5,000 "," 147 "," 32,816 ",569,41," 403 ",16," 15 "," 39,007 ",665," 39,672 ",62979,"62.99%","1.68%","hohoe north",5000,32816,39007,62979,39672,37816,0.867780833509626,0.841284897582485,"VOLTA",169,"HOHOE",907,"HOHOE NORTH","hohoe","hohoe north","hohoe","hohoe",51666,58263,0.886772050872767,59746,921,60667,94477,0.642135122834129,0.864760820808088,0,"hohoe"
"JAMAN NORTH"," 9,357 "," 118 "," 13,587 ",103,32," 130 ",25," 40 "," 23,392 ",724," 24,116 ",39067,"61.73%","3.00%","jaman north",9357,13587,23392,39067,24116,22944,0.592180962343096,0.580839603283174,"BRONG AHAFO",39,"JAMAN",209,"JAMAN NORTH","jaman north","jaman north","jaman north","jaman north",13587,22944,0.592180962343096,23392,724,24116,39067,0.617298487214273,0.580839603283174,0,"jaman north"
"JAMAN SOUTH"," 17,333 "," 110 "," 12,176 ",82,25," 189 ",19," 75 "," 30,009 ",724," 30,733 ",48005,"64.02%","2.36%","jaman south",17333,12176,30009,48005,30733,29509,0.41261987868108,0.405744943183712,"BRONG AHAFO",40,"JAMAN",210,"JAMAN SOUTH","jaman south","jaman south","jaman south","jaman south",12176,29509,0.41261987868108,30009,724,30733,48005,0.640204145401521,0.405744943183712,0,"jaman south"
"JIRAPA","6578","297","12899",169,98,"104",54,"88"," 20,287 ",681," 20,968 ",34258,"61%","3%","jirapa",6578,12899,20287,34258,20968,19477,0.662268316475843,0.635825898358555,"UPPER WEST",155,"JIRAPA/LAMBUSSIE",801,"JIRAPA","jirapa","jirapa","jirapa","jirapa",12899,19477,0.662268316475843,20287,681,20968,34258,0.612061416311518,0.635825898358555,0,"jirapa"
"JOMORO"," 12,534 "," 93 "," 15,642 ",143,98," 9,282 ",61," 139 "," 37,992 ",2693," 40,685 ",66369,"61.30%","6.62%","jomoro",12534,15642,37992,66369,40685,28176,0.55515332197615,0.411718256475047,"WESTERN",191,"JOMORO",1011,"JOMORO","jomoro","jomoro","jomoro","jomoro",15642,28176,0.55515332197615,37992,2693,40685,66369,0.613012099022134,0.411718256475047,0,"jomoro"
"JUABOSO"," 13,256 "," 198 "," 30,864 ",286,76," 488 ",26," 47 "," 45,241 ",1652," 46,893 ",71788,"65.32%","3.52%","juaboso",13256,30864,45241,71788,46893,44120,0.699546690843155,0.682213036847108,"WESTERN",193,"JUABESO-BIA",1012,"JUABOSO","juabeso","juaboso","juabeso","juabeso",30864,44120,0.699546690843155,45241,1652,46893,71788,0.653215022009249,0.682213036847108,0,"juabeso"
"KARAGA"," 8,801 "," 192 "," 13,535 ",190,77," 98 ",32," 119 "," 23,044 ",1109," 24,153 ",32050,"75.36%","4.59%","karaga",8801,13535,23044,32050,24153,22336,0.605972421203438,0.587354625932998,"NORTHERN",123,"GUSHIEGU/KARAGA",608,"KARAGA","karaga","karaga","karaga","karaga",13535,22336,0.605972421203438,23044,1109,24153,32050,0.753603744149766,0.587354625932998,0,"karaga"
"KEEA"," 16,929 "," 165 "," 24,808 ",204,68," 4,063 ",25," 76 "," 46,338 ",1623," 47,961 ",66847,"71.75%","3.38%","keea",16929,24808,46338,66847,47961,41737,0.594388671921796,0.535370538219172,"CENTRAL",66,"KOMENDA/EDINA AGUAFO",313,"KEEA","komenda edna eguafo abirem","keea","komenda edna eguafo abirem","komenda edna eguafo abirem",24808,41737,0.594388671921796,46338,1623,47961,66847,0.717474232201894,0.535370538219172,0,"komenda edna eguafo abirem"
"KETU NORTH"," 7,617 "," 173 "," 27,513 ",185,46," 129 ",26," 143 "," 35,832 ",890," 36,722 ",53159,"69.08%","2.42%","ketu north",7617,27513,35832,53159,36722,35130,0.783176771989752,0.767833221701273,"VOLTA",178,"KETU",914,"KETU NORTH","ketu north","ketu north","ketu north","ketu north",27513,35130,0.783176771989752,35832,890,36722,53159,0.690795537914558,0.767833221701273,0,"ketu north"
"KETU SOUTH"," 2,815 "," 186 "," 56,484 ",286,54," 353 ",13," 47 "," 60,238 ",1211," 61,449 ",98283,"62.52%","1.97%","ketu south",2815,56484,60238,98283,61449,59299,0.952528710433565,0.937680533882267,"VOLTA",179,"KETU",915,"KETU SOUTH","ketu south","ketu south","ketu south","ketu south",56484,59299,0.952528710433565,60238,1211,61449,98283,0.625225115228473,0.937680533882267,0,"ketu south"
"KINTAMPO NORTH"," 13,080 "," 224 "," 18,938 ",106,32," 211 ",18," 64 "," 32,673 ",924," 33,597 ",46516,"72.23%","2.75%","kintampo north",13080,18938,32673,46516,33597,32018,0.591479792616653,0.579622318121997,"BRONG AHAFO",41,"KINTAMPO",211,"KINTAMPO NORTH","kintampo north","kintampo north","kintampo north","kintampo north",18938,32018,0.591479792616653,32673,924,33597,46516,0.722267606844957,0.579622318121997,0,"kintampo north"
"KINTAMPO SOUTH"," 10,559 "," 161 "," 12,710 ",86,26," 64 ",10," 75 "," 23,691 ",797," 24,488 ",35987,"68.05%","3.25%","kintampo south",10559,12710,23691,35987,24488,23269,0.546220293093816,0.53649065045798,"BRONG AHAFO",42,"KINTAMPO",212,"KINTAMPO SOUTH","kintampo south","kintampo south","kintampo south","kintampo south",12710,23269,0.546220293093816,23691,797,24488,35987,0.680467946758552,0.53649065045798,0,"kintampo south"
"KPANDAI"," 10,943 "," 261 "," 15,126 ",209,135," 356 ",195," 201 "," 27,426 ",1559," 28,985 ",39715,"72.98%","5.38%","kpandai",10943,15126,27426,39715,28985,26069,0.580229391230964,0.55152045504266,"NORTHERN",118,"EAST GONJA",604,"KPANDAI","kpandai","kpandai","kpandai","kpandai",15126,26069,0.580229391230964,27426,1559,28985,39715,0.729825003147425,0.55152045504266,0,"kpandai"
"KPONE-KATAMANSU"," 10,878 "," 78 "," 21,649 ",46,12," 398 ",4," 12 "," 33,077 ",327," 33,404 ",50383,"66.30%","0.98%","kpone katamansu",10878,21649,33077,50383,33404,32527,0.66557014172841,0.654503129062491,"GREATER ACCRA",113,"TEMA",525,"KPONE-KATAMANSO","tema","kpone katamanso","tema","tema",88996,181601,0.490063380708256,185773,1977,187750,277923,0.67554682412035,0.479057774811194,0,"tema"
"KRACHI EAST"," 8,501 "," 132 "," 12,598 ",88,26," 284 ",17," 36 "," 21,682 ",659," 22,341 ",33268,"67.15%","2.95%","krachi east",8501,12598,21682,33268,22341,21099,0.597089909474383,0.58103495987455,"VOLTA",176,"KETE-KRACHI",916,"KRACHI EAST","krachi east","krachi east","krachi east","krachi east",12598,21099,0.597089909474383,21682,659,22341,33268,0.671546230611999,0.58103495987455,0,"krachi east"
"KRACHI WEST"," 10,497 "," 364 "," 18,818 ",123,68," 315 ",32," 368 "," 30,585 ",1197," 31,782 ",51528,"61.68%","3.77%","krachi west",10497,18818,30585,51528,31782,29315,0.641923929728808,0.615268922674514,"VOLTA",177,"KETE-KRACHI",917,"KRACHI WEST","krachi west","krachi west","krachi west","krachi west",18818,29315,0.641923929728808,30585,1197,31782,51528,0.616790870982767,0.615268922674514,0,"krachi west"
"KROWOR"," 23,798 "," 130 "," 27,398 ",45,11," 578 ",7," 9 "," 51,976 ",543," 52,519 ",78565,"66.85%","1.03%","krowor",23798,27398,51976,78565,52519,51196,0.535158996796625,0.527127905187009,NA,NA,NA,NA,NA,NA,NA,"ledzokuku krowor","ledzokuku krowor",68757,124158,0.553786304547431,126139,1433,127572,186848,0.682758177770166,0.545089147686283,0,"ledzokuku krowor"
"KUMAWU"," 20,269 "," 83 "," 6,355 ",64,13," 106 ",35," 73 "," 26,998 ",602," 27,600 ",37846,"72.93%","2.18%","kumawu",20269,6355,26998,37846,27600,26624,0.238694411057692,0.235387806504186,"ASHANTI",27,"SEKYERE EAST",135,"KUMAWU","sekyere afram plains","kumawu","sekyere afram plains","sekyere afram plains",6355,26624,0.238694411057692,26998,602,27600,37846,0.729271257200233,0.235387806504186,0,"sekyere afram plains"
"KUMBUNGU"," 5,280 "," 229 "," 19,520 ",131,56," 1,101 ",82," 64 "," 26,463 ",924," 27,387 ",36459,"75.12%","3.37%","kumbungu",5280,19520,26463,36459,27387,24800,0.787096774193548,0.737633677209689,"NORTHERN",133,"TOLON/KUMBUNGU",619,"KUMBUNGU","tolon kumbumgu","kumbungu","tolon kumbumgu","tolon kumbumgu",36662,57766,0.634663989197798,60277,2018,62295,82682,0.753428799496867,0.608225359589893,0,"tolon kumbumgu"
"KWABRE EAST"," 43,329 "," 95 "," 10,473 ",51,12," 300 ",9," 19 "," 54,288 ",676," 54,964 ",73222,"75.06%","1.23%","kwabre east",43329,10473,54288,73222,54964,53802,0.194658191145311,0.192915561450044,"ASHANTI",22,"KWABRE",124,"KABRE EAST","kwabre","kabre east","kwabre","kwabre",10473,53802,0.194658191145311,54288,676,54964,73222,0.750648712135697,0.192915561450044,0,"kwabre"
"LAMBUSSIE","5563","208","5391",113,78,"62",30,"104"," 11,549 ",622," 12,171 ",18875,"64%","5%","lambussie",5563,5391,11549,18875,12171,10954,0.492148986671536,0.466793661788899,"UPPER WEST",156,"JIRAPA/LAMBUSSIE",802,"LAMBUSSIE","lambussie karni","lambussie","lambussie karni","lambussie karni",5391,10954,0.492148986671536,11549,622,12171,18875,0.64482119205298,0.466793661788899,0,"lambussie karni"
"LAWRA","12948","523","15830",681,110,"246",51,"138"," 30,527 ",1609," 32,136 ",48036,"67%","5%","lawra",12948,15830,30527,48036,32136,28778,0.550072972409479,0.51855734268025,"UPPER WEST",157,"LAWRA",803,"LAWRA","lawra","lawra","lawra","lawra",15830,28778,0.550072972409479,30527,1609,32136,48036,0.668998251311516,0.51855734268025,0,"lawra"
"LOWER MANYA"," 11,576 "," 120 "," 22,497 ",71,25," 305 ",6," 38 "," 34,638 ",770," 35,408 ",51242,"69.10%","2.17%","lower manya",11576,22497,34638,51242,35408,34073,0.660258855985678,0.649489000519661,"EASTERN",92,"MANYA KROBO",420,"LOWER MANYA","lower manya","lower manya","lower manya","lower manya",22497,34073,0.660258855985678,34638,770,35408,51242,0.690995667616408,0.649489000519661,0,"lower manya"
"LOWER WEST AKIM"," 21,104 "," 138 "," 14,448 ",68,56," 265 ",9," 41 "," 36,129 ",814," 36,943 ",53234,"69.40%","2.20%","lower west akim",21104,14448,36129,53234,36943,35552,0.406390639063906,0.39990035705389,"EASTERN",98,"WEST AKIM",426,"LOWER WEST AKIM","west akim","lower west akim","west akim","west akim",29902,62904,0.475359277629404,64212,1734,65946,92667,0.711644922140568,0.465676197595465,0,"west akim"
"MAMPONG"," 29,527 "," 111 "," 8,004 ",70,23," 214 ",8," 30 "," 37,987 ",479," 38,466 ",50667,"75.92%","1.25%","mampong",29527,8004,37987,50667,38466,37531,0.213263702006341,0.21070366177903,"ASHANTI",28,"SEKYERE WEST",136,"MAMPONG","mampong","mampong","mampong","mampong",8004,37531,0.213263702006341,37987,479,38466,50667,0.759192373734383,0.21070366177903,0,"mampong"
"MFANTSEMAN EAST"," 5,079 "," 80 "," 12,202 ",73,22," 247 ",56," 11 "," 17,770 ",944," 18,714 ",25536,"73.28%","5.04%","mfantseman east",5079,12202,17770,25536,18714,17281,0.706093397372837,0.686662915025324,"CENTRAL",67,"MFANTSIMAN",314,"MFANTSEMAN EAST","mfantsiman","mfantseman east","mfantsiman","mfantsiman",39321,63883,0.615515864940595,65805,2501,68306,95631,0.714266294402443,0.597538180989287,0,"mfantsiman"
"MION"," 11,692 "," 317 "," 14,316 ",555,76," 542 ",86," 136 "," 27,720 ",1360," 29,080 ",39956,"72.78%","4.68%","mion",11692,14316,27720,39956,29080,26008,0.550446016610274,0.516450216450216,"NORTHERN",139,"YENDI",624,"MION","yendi","mion","yendi","yendi",27489,55026,0.49956384254716,57603,2191,59794,79192,0.755051015254066,0.477214728399563,0,"yendi"
"MPOHOR WASSA"," 17,793 "," 150 "," 17,207 ",178,70," 1,965 ",405," 105 "," 37,873 ",1724," 39,597 ",57385,"69.00%","4.35%","mpohor wassa",17793,17207,37873,57385,39597,35000,0.491628571428571,0.454334222269163,"WESTERN",194,"MPOHOR WASSA",1013,"MPOHOR WASSA","mpohor wassa east","mpohor wassa","mpohor wassa east","mpohor wassa east",17207,35000,0.491628571428571,37873,1724,39597,57385,0.690023525311493,0.454334222269163,0,"mpohor wassa east"
"MPRAESO"," 16,865 "," 105 "," 7,996 ",60,21," 183 ",21," 50 "," 25,301 ",623," 25,924 ",38347,"67.60%","2.40%","mpraeso",16865,7996,25301,38347,25924,24861,0.321628253087165,0.316034939330461,"EASTERN",90,"KWAHU SOUTH",418,"MPRAESO","kwahu south","mpraeso","kwahu south","kwahu south",7996,24861,0.321628253087165,25301,623,25924,38347,0.676037238897437,0.316034939330461,0,"kwahu south"
"NABDAM"," 4,655 "," 675 "," 5,501 ",82,17," 62 ",21," 24 "," 11,037 ",407," 11,444 ",15611,"73.31%","3.56%","nabdam",4655,5501,11037,15611,11444,10156,0.541650256006302,0.498414424209477,"UPPER EAST",148,"BOLGATANGA",712,"NABDAM","talensi nabdam","nabdam","talensi nabdam","talensi nabdam",16914,28319,0.597266852643102,32400,1745,34145,47604,0.717271657843879,0.522037037037037,0,"talensi nabdam"
"NADOWLI EAST","4129","189","5245",158,24,"63",18,"39"," 9,865 ",571," 10,436 ",15648,"67%","5%","nadowli east",4129,5245,9865,15648,10436,9374,0.559526349477278,0.531677648251394,"UPPER WEST",158,"NADOWLI",804,"NADALWI EAST","nadowli","nadalwi east","nadowli","nadowli",19601,28313,0.692296824780136,30552,1505,32057,48604,0.659554769154802,0.641561927206075,0,"nadowli"
"NALERIGU/GAMBAGA"," 10,905 "," 3,738 "," 18,960 ",214,84," 100 ",51," 87 "," 34,139 ",1611," 35,750 ",47802,"74.79%","4.51%","nalerigu gambaga",10905,18960,34139,47802,35750,29865,0.634856855851331,0.555376548815138,"NORTHERN",121,"EAST MAMPRUSI",606,"GAMBAGA","mamprusi east","gambaga","mamprusi east","mamprusi east",18960,29865,0.634856855851331,34139,1611,35750,47802,0.747876657880423,0.555376548815138,0,"mamprusi east"
"NANTON"," 6,555 "," 102 "," 7,215 ",65,17," 695 ",17," 45 "," 14,711 ",476," 15,187 ",18825,"80.67%","3.13%","nanton",6555,7215,14711,18825,15187,13770,0.5239651416122,0.490449323635375,"NORTHERN",128,"SAVELGU/NANTON",613,"NANTON","savelugu nanton","nanton","savelugu nanton","savelugu nanton",25701,42317,0.607344566013659,44168,1325,45493,57345,0.793321126514953,0.581891867415323,0,"savelugu nanton"
"NAVRONGO CENTRAL"," 13,867 "," 2,403 "," 14,218 ",147,24," 195 ",17," 73 "," 30,944 ",1226," 32,170 ",43917,"73.25%","3.81%","navrongo central",13867,14218,30944,43917,32170,28085,0.506248887306391,0.459475180972079,"UPPER EAST",154,"KASENA/NANKANI",711,"NAVRONGO CENTRAL","kasena nankana east","navrongo central","kasena nankana east","kasena nankana east",14218,28085,0.506248887306391,30944,1226,32170,43917,0.732518159254958,0.459475180972079,0,"kasena nankana east"
"NEW JUABEN NORTH"," 16,438 "," 64 "," 6,780 ",61,11," 164 ",9," 32 "," 23,559 ",414," 23,973 ",34429,"69.63%","1.73%","new juaben north",16438,6780,23559,34429,23973,23218,0.292014816090964,0.287788106456131,"EASTERN",94,"NEW JUABEN",422,"NEW JUABEN NORTH","new juaben","new juaben north","new juaben","new juaben",28757,77533,0.370900132846659,78604,957,79561,110549,0.71968991126107,0.365846521805506,0,"new juaben"
"NINGO-PRAMPRAM"," 4,557 "," 90 "," 20,477 ",117,49," 245 ",15," 20 "," 25,570 ",563," 26,133 ",38138,"68.52%","2.15%","ningo prampram",4557,20477,25570,38138,26133,25034,0.817967564112807,0.80082127493156,"GREATER ACCRA",104,"DANGBE WEST",510,"NINGO-PAPRAM","dangbe west","ningo papram","dangbe west","dangbe west",36596,46934,0.779733242425534,47966,1094,49060,69556,0.705330956351717,0.762957094608681,0,"dangbe west"
"NKAWKAW"," 27,937 "," 113 "," 10,724 ",71,27," 486 ",29," 267 "," 39,654 ",1010," 40,664 ",57916,"70.21%","2.48%","nkawkaw",27937,10724,39654,57916,40664,38661,0.277385478906391,0.27043929994452,"EASTERN",91,"KWAHU SOUTH",419,"NKAWKAW","kwahu west","nkawkaw","kwahu west","kwahu west",10724,38661,0.277385478906391,39654,1010,40664,57916,0.702120312176255,0.27043929994452,0,"kwahu west"
"NKORANZA NORTH"," 9,258 "," 106 "," 8,120 ",77,13," 129 ",10," 45 "," 17,758 ",625," 18,383 ",28301,"64.96%","3.40%","nkoranza north",9258,8120,17758,28301,18383,17378,0.467257451950742,0.457258700304088,"BRONG AHAFO",43,"NKORANZA",213,"NKORANZA NORTH","nkoranza north","nkoranza north","nkoranza north","nkoranza north",8120,17378,0.467257451950742,17758,625,18383,28301,0.649553019327939,0.457258700304088,0,"nkoranza north"
"NKORANZA SOUTH"," 15,894 "," 137 "," 16,936 ",113,62," 164 ",14," 28 "," 33,348 ",1020," 34,368 ",46428,"74.02%","2.97%","nkoranza south",15894,16936,33348,46428,34368,32830,0.515869631434663,0.507856543121027,"BRONG AHAFO",44,"NKORANZA",214,"NKORANZA SOUTH","nkoranza south","nkoranza south","nkoranza south","nkoranza south",16936,32830,0.515869631434663,33348,1020,34368,46428,0.740242956836392,0.507856543121027,0,"nkoranza south"
"NKWANTA NORTH"," 9,807 "," 335 "," 10,334 ",121,40," 284 ",41," 253 "," 21,215 ",940," 22,155 ",29233,"75.79%","4.24%","nkwanta north",9807,10334,21215,29233,22155,20141,0.513082766496202,0.487108178175819,"VOLTA",182,"NKWANTA",918,"NKWANTA NORTH","nkwanta north","nkwanta north","nkwanta north","nkwanta north",10334,20141,0.513082766496202,21215,940,22155,29233,0.757876372592618,0.487108178175819,0,"nkwanta north"
"NKWANTA SOUTH"," 11,890 "," 250 "," 18,603 ",197,48," 87 ",14," 59 "," 31,148 ",973," 32,121 ",46037,"69.77%","3.03%","nkwanta south",11890,18603,31148,46037,32121,30493,0.610074443314859,0.597245409015025,"VOLTA",183,"NKWANTA",919,"NKWANTA SOUTH","nkwanta south","nkwanta south","nkwanta south","nkwanta south",18603,30493,0.610074443314859,31148,973,32121,46037,0.697721398005952,0.597245409015025,0,"nkwanta south"
"NORTH DAYI"," 3,458 "," 109 "," 30,566 ",87,23," 357 ",10," 13 "," 34,623 ",587," 35,210 ",54034,"65.16%","1.67%","north dayi",3458,30566,34623,54034,35210,34024,0.898365859393369,0.882823556595327,"VOLTA",180,"KPANDO",920,"NORTH DAYI","north dayi","north dayi","north dayi","north dayi",30566,34024,0.898365859393369,34623,587,35210,54034,0.651626753525558,0.882823556595327,0,"north dayi"
"NSUTA/KWAMANG"," 17,403 "," 112 "," 6,903 ",101,20," 103 ",61," 369 "," 25,072 ",931," 26,003 ",34349,"75.70%","3.58%","nsuta kwamang",17403,6903,25072,34349,26003,24306,0.284003949642064,0.27532705807275,"ASHANTI",29,"SEKYERE WEST",137,"NSUFA-KWAMANG","sekyere central","nsufa kwamang","sekyere central","sekyere central",6903,24306,0.284003949642064,25072,931,26003,34349,0.757023494133745,0.27532705807275,0,"sekyere central"
"OBUASI"," 48,919 "," 203 "," 24,315 ",99,29," 1,060 ",14," 26 "," 74,665 ",1140," 75,805 ",104850,"72.30%","1.50%","obuasi",48919,24315,74665,104850,75805,73234,0.332017915176011,0.325654590504252,"ASHANTI",4,"ADANSI WEST",129,"OBUASI","obuasi","obuasi","obuasi","obuasi",24315,73234,0.332017915176011,74665,1140,75805,104850,0.722985216976633,0.325654590504252,0,"obuasi"
"ODOTOBRI"," 23,828 "," 72 "," 3,136 ",47,14," 366 ",16," 48 "," 27,527 ",659," 28,186 ",36954,"76.27%","2.34%","odotobri",23828,3136,27527,36954,28186,26964,0.116303219106957,0.113924510480619,"ASHANTI",11,"AMANSIE EAST",109,"ODOTOBRI","amansie central","odotobri","amansie central","amansie central",3136,26964,0.116303219106957,27527,659,28186,36954,0.76273204524544,0.113924510480619,0,"amansie central"
"OFFINSO-NORTH"," 14,349 "," 131 "," 10,779 ",147,17," 75 ",11," 68 "," 25,577 ",761," 26,338 ",39154,"67.27%","2.89%","offinso north",14349,10779,25577,39154,26338,25128,0.42896370582617,0.421433318997537,"ASHANTI",24,"OFFINSO",130,"OFFINSO NORTH","offinso north","offinso north","offinso north","offinso north",10779,25128,0.42896370582617,25577,761,26338,39154,0.672677121111508,0.421433318997537,0,"offinso north"
"OFFINSO-SOUTH"," 26,354 "," 137 "," 11,337 ",95,15," 115 ",29," 34 "," 38,116 ",652," 38,768 ",52386,"74.00%","1.68%","offinso south",26354,11337,38116,52386,38768,37691,0.300787986521981,0.297434148389128,"ASHANTI",25,"OFFINSO",131,"OFFINSO SOUTH","offinso","offinso south","offinso","offinso",11337,37691,0.300787986521981,38116,652,38768,52386,0.740045050204253,0.297434148389128,0,"offinso"
"OFOASE/AYIREBI"," 16,973 "," 95 "," 9,260 ",76,32," 374 ",8," 104 "," 26,922 ",1020," 27,942 ",40163,"69.57%","3.65%","ofoase ayirebi",16973,9260,26922,40163,27942,26233,0.352990508138604,0.343956615407473,"EASTERN",80,"BIRIM NORTH",409,"OFOASE/AYEREBI","akyem mansa","ofoase ayerebi","akyem mansa","akyem mansa",9260,26233,0.352990508138604,26922,1020,27942,40163,0.695714961531758,0.343956615407473,0,"akyem mansa"
"PRESTEA/HUNI-VALLEY"," 24,021 "," 166 "," 23,937 ",181,97," 3,713 ",28," 91 "," 52,234 ",1697," 53,931 ",79792,"67.59%","3.15%","prestea huni valley",24021,23937,52234,79792,53931,47958,0.499124233704491,0.458264731783896,"WESTERN",204,"WASSA WEST",1021,"PRESTA-HUNIVALLEY","prestea huni valley","presta hunivalley","prestea huni valley","prestea huni valley",23937,47958,0.499124233704491,52234,1697,53931,79792,0.675894826549027,0.458264731783896,0,"prestea huni valley"
"PRU"," 11,266 "," 272 "," 19,309 ",143,55," 187 ",51," 447 "," 31,730 ",1741," 33,471 ",56404,"59.34%","5.20%","pru",11266,19309,31730,56404,33471,30575,0.631529026982829,0.608540813110621,"BRONG AHAFO",35,"ATEBUBU",215,"PRU","pru","pru","pru","pru",19309,30575,0.631529026982829,31730,1741,33471,56404,0.593415360612722,0.608540813110621,0,"pru"
"SABOBA"," 8,923 "," 182 "," 10,361 ",235,37," 714 ",22," 72 "," 20,546 ",751," 21,297 ",26423,"80.60%","3.53%","saboba",8923,10361,20546,26423,21297,19284,0.537284795685542,0.504283072130828,"NORTHERN",127,"SABOBA/CHEREPONI",612,"SABOBA","saboba","saboba","saboba","saboba",10361,19284,0.537284795685542,20546,751,21297,26423,0.806002346440601,0.504283072130828,0,"saboba"
"SALAGA"," 16,033 "," 320 "," 19,709 ",124,46," 203 ",80," 58 "," 36,573 ",1281," 37,854 ",50032,"75.66%","3.38%","salaga",16033,19709,36573,50032,37854,35742,0.551424094902356,0.538894813113499,"NORTHERN",119,"EAST GONJA",605,"SALAGA","east gonja","salaga","east gonja","east gonja",19709,35742,0.551424094902356,36573,1281,37854,50032,0.756595778701631,0.538894813113499,0,"east gonja"
"SALWA-TUNA-KALBA"," 6,815 "," 310 "," 13,716 ",194,72," 147 ",41," 113 "," 21,408 ",1503," 22,911 ",36851,"62.17%","6.56%","salwa tuna kalba",6815,13716,21408,36851,22911,20531,0.668062929228971,0.640695067264574,"NORTHERN",117,"BOLE",615,"SALWA-TUNA-KALBA","sawla tuna kalba","salwa tuna kalba","sawla tuna kalba","sawla tuna kalba",13716,20531,0.668062929228971,21408,1503,22911,36851,0.621719899052943,0.640695067264574,0,"sawla tuna kalba"
"SEFWI AKONTOMBRA"," 9,828 "," 97 "," 12,969 ",163,21," 53 ",16," 38 "," 23,185 ",775," 23,960 ",33044,"72.51%","3.23%","sefwi akontombra",9828,12969,23185,33044,23960,22797,0.568890643505724,0.559370282510244,"WESTERN",197,"SEFWI-WIAWSO",1017,"SEFWI-AKONTOMBRA","sefwi akontombra","sefwi akontombra","sefwi akontombra","sefwi akontombra",12969,22797,0.568890643505724,23185,775,23960,33044,0.725093814308195,0.559370282510244,0,"sefwi akontombra"
"SEFWI WIAWSO"," 18,147 "," 121 "," 24,904 ",149,43," 269 ",9," 40 "," 43,682 ",1825," 45,507 ",58302,"78.05%","4.01%","sefwi wiawso",18147,24904,43682,58302,45507,43051,0.578476690436924,0.57012041573188,"WESTERN",198,"SEFWI-WIAWSO",1016,"SEFWI-WIAWSO","sefwi wiawso","sefwi wiawso","sefwi wiawso","sefwi wiawso",24904,43051,0.578476690436924,43682,1825,45507,58302,0.780539261088813,0.57012041573188,0,"sefwi wiawso"
"SENE"," 8,007 "," 161 "," 17,011 ",130,252," 119 ",22," 45 "," 25,747 ",1286," 27,033 ",43485,"62.17%","4.76%","sene",8007,17011,25747,43485,27033,25018,0.679950435686306,0.660698333786461,"BRONG AHAFO",45,"SENE",216,"SENE","sene","sene","sene","sene",17011,25018,0.679950435686306,25747,1286,27033,43485,0.621662642290445,0.660698333786461,0,"sene"
"SHAMA"," 14,243 "," 121 "," 14,270 ",80,22," 738 ",18," 28 "," 29,520 ",695," 30,215 ",42735,"70.70%","2.30%","shama",14243,14270,29520,42735,30215,28513,0.500473468242556,0.48340108401084,"WESTERN",200,"SHAMA AHANTA EAST",1019,"SHAMA","shama","shama","shama","shama",14270,28513,0.500473468242556,29520,695,30215,42735,0.707031707031707,0.48340108401084,0,"shama"
"SISSALA EAST","8251","2754","6958",129,80,"168",27,"93"," 18,460 ",1057," 19,517 ",27105,"72%","5%","sissala east",8251,6958,18460,27105,19517,15209,0.457492274311263,0.376923076923077,"UPPER WEST",160,"SISSALA",806,"SISSALA EAST","sissala east","sissala east","sissala east","sissala east",6958,15209,0.457492274311263,18460,1057,19517,27105,0.720051650986903,0.376923076923077,0,"sissala east"
"SISSALA WEST","5846","2758","7214",91,38,"159",33,"60"," 16,199 ",840," 17,039 ",23151,"74%","5%","sissala west",5846,7214,16199,23151,17039,13060,0.552373660030628,0.445336131859991,"UPPER WEST",161,"SISSALA",807,"SISSALA WEST","sissala west","sissala west","sissala west","sissala west",7214,13060,0.552373660030628,16199,840,17039,23151,0.735994125523735,0.445336131859991,0,"sissala west"
"SOUTH DAYI"," 1,384 "," 63 "," 13,965 ",64,12," 78 ",3," 3 "," 15,572 ",257," 15,829 ",25203,"62.81%","1.62%","south dayi",1384,13965,15572,25203,15829,15349,0.909831259365431,0.896801952221937,"VOLTA",181,"KPANDO",922,"SOUTH DAYI","south dayi","south dayi","south dayi","south dayi",13965,15349,0.909831259365431,15572,257,15829,25203,0.628060151569258,0.896801952221937,0,"south dayi"
"SOUTH TONGU"," 2,160 "," 90 "," 29,972 ",126,23," 179 ",14," 15 "," 32,579 ",507," 33,086 ",44946,"73.61%","1.53%","south tongu",2160,29972,32579,44946,33086,32132,0.932777293663637,0.919979127658921,"VOLTA",186,"SOUTH TONGU",921,"SOUTH TONGU","south tongu","south tongu","south tongu","south tongu",29972,32132,0.932777293663637,32579,507,33086,44946,0.736127797801807,0.919979127658921,0,"south tongu"
"SUNYANI EAST"," 32,841 "," 287 "," 20,056 ",69,36," 546 ",5," 29 "," 53,869 ",706," 54,575 ",79656,"68.51%","1.29%","sunyani east",32841,20056,53869,79656,54575,52897,0.379151936782804,0.372310605357441,"BRONG AHAFO",46,"SUNYANI",217,"SUNYANI EAST","sunyani","sunyani east","sunyani","sunyani",20056,52897,0.379151936782804,53869,706,54575,79656,0.68513357436979,0.372310605357441,0,"sunyani"
"SUNYANI WEST"," 22,812 "," 117 "," 15,759 ",61,20," 275 ",11," 50 "," 39,105 ",640," 39,745 ",55206,"71.99%","1.61%","sunyani west",22812,15759,39105,55206,39745,38571,0.408571206346737,0.402991944764097,"BRONG AHAFO",47,"SUNYANI",218,"SUNYANI WEST","sunyani west","sunyani west","sunyani west","sunyani west",15759,38571,0.408571206346737,39105,640,39745,55206,0.719939861609245,0.402991944764097,0,"sunyani west"
"TAIN"," 14,935 "," 165 "," 16,211 ",137,72," 141 ",53," 231 "," 31,945 ",939," 32,884 ",53880,"61.03%","2.86%","tain",14935,16211,31945,53880,32884,31146,0.52048417132216,0.507465957113789,"BRONG AHAFO",52,"WENCHI",219,"TAIN","tain","tain","tain","tain",16211,31146,0.52048417132216,31945,939,32884,53880,0.610319227913883,0.507465957113789,0,"tain"
"TAMALE CENTRAL"," 21,136 "," 259 "," 40,640 ",87,14," 900 ",15," 14 "," 63,065 ",469," 63,534 ",84346,"75.33%","0.74%","tamale central",21136,40640,63065,84346,63534,61776,0.657860657860658,0.64441449298343,"NORTHERN",130,"TAMALE",616,"TAMALE CENTRAL","tamale metro","tamale central","tamale metro","tamale metro",125813,169154,0.743777859228868,173830,2572,176402,237790,0.741839438159721,0.723770350342288,0,"tamale metro"
"TANO NORTH"," 17,246 "," 106 "," 11,126 ",62,17," 131 ",8," 36 "," 28,732 ",548," 29,280 ",40072,"73.07%","1.87%","tano north",17246,11126,28732,40072,29280,28372,0.392147187367827,0.387233746345538,"BRONG AHAFO",48,"TANO",220,"TANO NORTH","tano north","tano north","tano north","tano north",11126,28372,0.392147187367827,28732,548,29280,40072,0.730684767418646,0.387233746345538,0,"tano north"
"TANO SOUTH"," 15,951 "," 114 "," 12,173 ",90,38," 198 ",10," 44 "," 28,618 ",939," 29,557 ",41525,"71.18%","3.18%","tano south",15951,12173,28618,41525,29557,28124,0.432833167401508,0.425361660493396,"BRONG AHAFO",49,"TANO",221,"TANO SOUTH","tano south","tano south","tano south","tano south",12173,28124,0.432833167401508,28618,939,29557,41525,0.711788079470199,0.425361660493396,0,"tano south"
"TARKWA-NSUAEM"," 31,960 "," 134 "," 19,166 ",74,28," 2,009 ",20," 57 "," 53,448 ",876," 54,324 ",79732,"68.13%","1.61%","tarkwa nsuaem",31960,19166,53448,79732,54324,51126,0.374877753002386,0.358591528214339,"WESTERN",205,"WASSA WEST",1022,"TARKWA NSUAEM","tarkwa nsuaem","tarkwa nsuaem","tarkwa nsuaem","tarkwa nsuaem",19166,51126,0.374877753002386,53448,876,54324,79732,0.681332463753574,0.358591528214339,0,"tarkwa nsuaem"
"TECHIMAN NORTH"," 13,730 "," 108 "," 12,474 ",75,11," 103 ",7," 37 "," 26,545 ",687," 27,232 ",36285,"75.05%","2.52%","techiman north",13730,12474,26545,36285,27232,26204,0.476034193252938,0.469919005462422,"BRONG AHAFO",50,"TECHIMAN",222,"TECHIMAN NORTH","techiman","techiman north","techiman","techiman",41868,81617,0.512981364176581,82752,1682,84434,122015,0.691996885628816,0.505945475638051,0,"techiman"
"TROBU-AMASAMAN"," 33,422 "," 258 "," 37,626 ",171,57," 814 ",8," 36 "," 72,392 ",1499," 73,891 ",109530,"67.46%","2.03%","trobu amasaman",33422,37626,72392,109530,73891,71048,0.529585632248621,0.519753563929716,"GREATER ACCRA",109,"GA",515,"TROBU-AMASAMAN","ga west","trobu amasaman","ga west","ga west",37626,71048,0.529585632248621,72392,1499,73891,109530,0.67461882589245,0.519753563929716,0,"ga west"
"UPPER DENKYIRA EAST"," 18,578 "," 76 "," 9,480 ",51,23," 960 ",18," 56 "," 29,242 ",979," 30,221 ",42721,"70.74%","3.24%","upper denkyira east",18578,9480,29242,42721,30221,28058,0.337871551785587,0.324191231789891,"CENTRAL",71,"UPPER DENKYIRA",318,"UPPER DENKYIRA EAST","upper denkyira east","upper denkyira east","upper denkyira east","upper denkyira east",9480,28058,0.337871551785587,29242,979,30221,42721,0.707403852906065,0.324191231789891,0,"upper denkyira east"
"UPPER DENKYIRA WEST"," 10,668 "," 136 "," 6,291 ",54,22," 690 ",8," 28 "," 17,897 ",603," 18,500 ",23999,"77.09%","3.26%","upper denkyira west",10668,6291,17897,23999,18500,16959,0.370953476030426,0.351511426496061,"CENTRAL",72,"UPPER DENKYIRA",319,"UPPER DENKYIRA WEST","upper denkyira west","upper denkyira west","upper denkyira west","upper denkyira west",6291,16959,0.370953476030426,17897,603,18500,23999,0.770865452727197,0.351511426496061,0,"upper denkyira west"
"UPPER MANYA"," 6,148 "," 92 "," 15,027 ",9,26," 1,120 ",15," 28 "," 22,465 ",700," 23,165 ",35036,"66.12%","3.02%","upper manya",6148,15027,22465,35036,23165,21175,0.709657615112161,0.668907188960605,"EASTERN",93,"MANYA KROBO",421,"UPPER MANYA","upper manya","upper manya","upper manya","upper manya",15027,21175,0.709657615112161,22465,700,23165,35036,0.661177075008563,0.668907188960605,0,"upper manya"
"WA CENTRAL","17343","667","25214",142,38,"346",49,"80"," 43,879 ",1351," 45,230 ",62896,"72%","3%","wa central",17343,25214,43879,62896,45230,42557,0.592475973400381,0.574625675152123,NA,NA,NA,NA,NA,NA,NA,"wa","wa",25214,42557,0.592475973400381,43879,1351,45230,62896,0.719123632663444,0.574625675152123,0,"wa"
"WA EAST","10436","418","9898",168,65,"111",68,"241"," 21,405 ",1134," 22,539 ",32298,"70%","5%","wa east",10436,9898,21405,32298,22539,20334,0.486770925543425,0.462415323522541,"UPPER WEST",163,"WA",808,"WA EAST","wa east","wa east","wa east","wa east",9898,20334,0.486770925543425,21405,1134,22539,32298,0.697845067806056,0.462415323522541,0,"wa east"
"WA WEST","5460","272","13917",154,81,"207",295,"1860"," 22,246 ",2637," 24,883 ",33611,"74%","11%","wa west",5460,13917,22246,33611,24883,19377,0.71822263508283,0.625595612694417,"UPPER WEST",164,"WA",810,"WA WEST","wa west","wa west","wa west","wa west",39131,61934,0.631817741466723,66125,3988,70113,96507,0.726506885510896,0.591773156899811,0,"wa west"
"WALEWALE"," 12,913 "," 4,747 "," 14,940 ",159,40," 161 ",60," 68 "," 33,088 ",1418," 34,506 ",45756,"75.41%","4.11%","walewale",12913,14940,33088,45756,34506,27853,0.536387462750871,0.451523210831721,"NORTHERN",137,"WEST MAMPRUSI",622,"WALAWALE","mamprusi west","walawale","mamprusi west","mamprusi west",21303,39118,0.544583056393476,44911,1931,46842,62017,0.755309028169695,0.474338135423393,0,"mamprusi west"
"WENCHI"," 17,649 "," 188 "," 14,134 ",142,23," 155 ",13," 53 "," 32,357 ",976," 33,333 ",51858,"64.28%","2.93%","wenchi",17649,14134,32357,51858,33333,31783,0.444703143189756,0.436814290570819,"BRONG AHAFO",53,"WENCHI",224,"WENCHI","wenchi","wenchi","wenchi","wenchi",14134,31783,0.444703143189756,32357,976,33333,51858,0.642774499595048,0.436814290570819,0,"wenchi"
"WULENSI"," 13,152 "," 362 "," 12,333 ",88,34," 253 ",209," 426 "," 26,857 ",1410," 28,267 ",36418,"77.62%","4.99%","wulensi",13152,12333,26857,36418,28267,25485,0.483931724543849,0.459209889414305,"NORTHERN",125,"NANUMBA",610,"WULENSI","nanumba south","wulensi","nanumba south","nanumba south",12333,25485,0.483931724543849,26857,1410,28267,36418,0.776182107748915,0.459209889414305,0,"nanumba south"
"YAPEI/KUSAWGU"," 11,461 "," 280 "," 13,531 ",143,48," 170 ",27," 79 "," 25,739 ",1138," 26,877 ",39753,"67.61%","4.23%","yapei kusawgu",11461,13531,25739,39753,26877,24992,0.541413252240717,0.525700299156921,"NORTHERN",136,"WEST GONJA",603,"YAPEI/KUSAWGU","gonja central","yapei kusawgu","gonja central","gonja central",13531,24992,0.541413252240717,25739,1138,26877,39753,0.676099916987397,0.525700299156921,0,"gonja central"
"YILO KROBO"," 11,335 "," 120 "," 22,165 ",70,41," 652 ",16," 48 "," 34,447 ",966," 35,413 ",53160,"66.62%","2.73%","yilo krobo",11335,22165,34447,53160,35413,33500,0.661641791044776,0.643452259993613,"EASTERN",100,"YILO KROBO",428,"YILO KROBO","yilo krobo","yilo krobo","yilo krobo","yilo krobo",22165,33500,0.661641791044776,34447,966,35413,53160,0.666158765989466,0.643452259993613,0,"yilo krobo"
"ZABZUGU/TATALE"," 17,927 "," 177 "," 13,427 ",124,51," 416 ",42," 89 "," 32,253 ",1513," 33,766 ",43552,"77.53%","4.48%","zabzugu tatale",17927,13427,32253,43552,33766,31354,0.428238821203036,0.416302359470437,"NORTHERN",141,"ZABZUGU/TATALE",626,"ZABZUGU/TATALE","zabzugu tatale","zabzugu tatale","zabzugu tatale","zabzugu tatale",13427,31354,0.428238821203036,32253,1513,33766,43552,0.775303085966201,0.416302359470437,0,"zabzugu tatale"
"ZEBILLA"," 9,337 "," 771 "," 18,681 ",204,97," 291 ",124," 1,083 "," 30,588 ",1642," 32,230 ",44261,"72.82%","5.09%","zebilla",9337,18681,30588,44261,32230,28018,0.666749946462988,0.610729697920753,"UPPER EAST",146,"BAWKU WEST",704,"ZEBILLA","bawku west","zebilla","bawku west","bawku west",18681,28018,0.666749946462988,30588,1642,32230,44261,0.728180565283206,0.610729697920753,0,"bawku west"
